{"cameraMode":{"drawMode":0,"name":"Shaded","section":"Shading Mode"},"sceneLighting":false,"audioPlay":false,"sceneViewState":{"showFog":true,"showMaterialUpdate":false,"showSkybox":false,"showFlares":true,"showImageEffects":true,"showParticleSystems":true,"showVisualEffectGraphs":true,"m_FxEnabled":true},"in2DMode":false,"pivot":{"x":9.701011657714844,"y":1.195877194404602,"z":-1.3193374872207642},"rotation":{"x":0.00006298490188783035,"y":0.9669315814971924,"z":-0.25547903776168826,"w":-0.0010030785342678428},"size":3.710287570953369,"orthographic":false}