{"cameraMode":{"drawMode":0,"name":"Shaded","section":"Shading Mode"},"sceneLighting":false,"audioPlay":false,"sceneViewState":{"showFog":true,"showMaterialUpdate":false,"showSkybox":false,"showFlares":true,"showImageEffects":true,"showParticleSystems":true,"showVisualEffectGraphs":true,"m_FxEnabled":true},"in2DMode":false,"pivot":{"x":-0.38326919078826907,"y":0.7024283409118652,"z":0.17280817031860352},"rotation":{"x":-0.43903282284736636,"y":0.07687158137559891,"z":-0.03784433752298355,"w":-0.8944349884986877},"size":1.1542589664459229,"orthographic":false}