{"cameraMode":{"drawMode":0,"name":"Shaded","section":"Shading Mode"},"sceneLighting":false,"audioPlay":false,"sceneViewState":{"showFog":true,"showMaterialUpdate":false,"showSkybox":false,"showFlares":true,"showImageEffects":true,"showParticleSystems":true,"showVisualEffectGraphs":true,"m_FxEnabled":true},"in2DMode":false,"pivot":{"x":-0.058482829481363299,"y":0.17176678776741029,"z":0.05259256064891815},"rotation":{"x":-0.012554481625556946,"y":0.6865274906158447,"z":-0.011192072182893753,"w":-0.7270786166191101},"size":0.740587592124939,"orthographic":false}