{"cameraMode":{"drawMode":0,"name":"Shaded","section":"Shading Mode"},"sceneLighting":false,"audioPlay":false,"sceneViewState":{"showFog":true,"showMaterialUpdate":false,"showSkybox":false,"showFlares":true,"showImageEffects":true,"showParticleSystems":true,"showVisualEffectGraphs":true,"m_FxEnabled":true},"in2DMode":false,"pivot":{"x":0.6400734782218933,"y":-0.03167984262108803,"z":-0.14694340527057649},"rotation":{"x":-0.019619544968008996,"y":0.7078678607940674,"z":-0.019004475325345994,"w":-0.705991804599762},"size":0.740587592124939,"orthographic":false}