{"cameraMode":{"drawMode":0,"name":"Shaded","section":"Shading Mode"},"sceneLighting":false,"audioPlay":false,"sceneViewState":{"showFog":true,"showMaterialUpdate":false,"showSkybox":false,"showFlares":true,"showImageEffects":true,"showParticleSystems":true,"showVisualEffectGraphs":true,"m_FxEnabled":true},"in2DMode":false,"pivot":{"x":4.786482810974121,"y":1.0542840957641602,"z":-3.4271750450134279},"rotation":{"x":0.006610666401684284,"y":-0.5719295144081116,"z":0.004177045077085495,"w":0.8203958868980408},"size":1.078732967376709,"orthographic":false}