{"cameraMode":{"drawMode":0,"name":"Shaded","section":"Shading Mode"},"sceneLighting":false,"audioPlay":false,"sceneViewState":{"showFog":true,"showMaterialUpdate":false,"showSkybox":false,"showFlares":true,"showImageEffects":true,"showParticleSystems":true,"showVisualEffectGraphs":true,"m_FxEnabled":true},"in2DMode":false,"pivot":{"x":3.533325672149658,"y":1.0611830949783326,"z":2.5971734523773195},"rotation":{"x":-0.025711119174957277,"y":0.0859617218375206,"z":-0.002219183836132288,"w":-0.995963990688324},"size":3.2108235359191896,"orthographic":false}