{"cameraMode":{"drawMode":0,"name":"Shaded","section":"Shading Mode"},"sceneLighting":false,"audioPlay":false,"sceneViewState":{"showFog":true,"showMaterialUpdate":false,"showSkybox":false,"showFlares":true,"showImageEffects":true,"showParticleSystems":true,"showVisualEffectGraphs":true,"m_FxEnabled":true},"in2DMode":false,"pivot":{"x":7.229104995727539,"y":0.19946467876434327,"z":2.0630404949188234},"rotation":{"x":0.0057544647715985779,"y":0.9937485456466675,"z":-0.0929962769150734,"w":0.06149299815297127},"size":1.3933494091033936,"orthographic":false}