{"cameraMode":{"drawMode":0,"name":"Shaded","section":"Shading Mode"},"sceneLighting":false,"audioPlay":false,"sceneViewState":{"showFog":true,"showMaterialUpdate":false,"showSkybox":false,"showFlares":true,"showImageEffects":true,"showParticleSystems":true,"showVisualEffectGraphs":true,"m_FxEnabled":true},"in2DMode":false,"pivot":{"x":-0.34395334124565127,"y":0.9735629558563232,"z":-0.3727669417858124},"rotation":{"x":-0.4197032153606415,"y":-0.11455490440130234,"z":0.05356089770793915,"w":-0.8989493250846863},"size":1.8207027912139893,"orthographic":false}