{"cameraMode":{"drawMode":0,"name":"Shaded","section":"Shading Mode"},"sceneLighting":false,"audioPlay":false,"sceneViewState":{"showFog":true,"showMaterialUpdate":false,"showSkybox":false,"showFlares":true,"showImageEffects":true,"showParticleSystems":true,"showVisualEffectGraphs":true,"m_FxEnabled":true},"in2DMode":false,"pivot":{"x":9.684579849243164,"y":-2.6250274181365969,"z":0.45064663887023928},"rotation":{"x":0.33510899543762209,"y":-0.10162553191184998,"z":0.03670051321387291,"w":0.9360679388046265},"size":4.512053966522217,"orthographic":false}