{"cameraMode":{"drawMode":0,"name":"Shaded","section":"Shading Mode"},"sceneLighting":false,"audioPlay":false,"sceneViewState":{"showFog":true,"showMaterialUpdate":false,"showSkybox":false,"showFlares":true,"showImageEffects":true,"showParticleSystems":true,"showVisualEffectGraphs":true,"m_FxEnabled":true},"in2DMode":false,"pivot":{"x":5.630000114440918,"y":1.1280004978179932,"z":0.9700000286102295},"rotation":{"x":-0.39842891693115237,"y":0.006046480033546686,"z":-0.0026372242718935014,"w":-0.917182981967926},"size":0.46368104219436648,"orthographic":false}