{"cameraMode":{"drawMode":0,"name":"Shaded","section":"Shading Mode"},"sceneLighting":false,"audioPlay":false,"sceneViewState":{"showFog":true,"showMaterialUpdate":false,"showSkybox":false,"showFlares":true,"showImageEffects":true,"showParticleSystems":true,"showVisualEffectGraphs":true,"m_FxEnabled":true},"in2DMode":false,"pivot":{"x":0.4610229432582855,"y":1.6654186248779297,"z":-1.2465087175369263},"rotation":{"x":-0.3897544741630554,"y":-0.04224975407123566,"z":0.017903119325637819,"w":-0.9197782874107361},"size":0.17320507764816285,"orthographic":false}