{"cameraMode":{"drawMode":0,"name":"Shaded","section":"Shading Mode"},"sceneLighting":false,"audioPlay":false,"sceneViewState":{"showFog":true,"showMaterialUpdate":false,"showSkybox":false,"showFlares":true,"showImageEffects":true,"showParticleSystems":true,"showVisualEffectGraphs":true,"m_FxEnabled":true},"in2DMode":false,"pivot":{"x":13.050227165222168,"y":-8.352317810058594,"z":-13.394291877746582},"rotation":{"x":0.010446853935718537,"y":0.8956343531608582,"z":-0.4446353614330292,"w":0.020676055923104287},"size":7.082293510437012,"orthographic":false}