{"cameraMode":{"drawMode":0,"name":"Shaded","section":"Shading Mode"},"sceneLighting":false,"audioPlay":false,"sceneViewState":{"showFog":true,"showMaterialUpdate":false,"showSkybox":false,"showFlares":true,"showImageEffects":true,"showParticleSystems":true,"showVisualEffectGraphs":true,"m_FxEnabled":true},"in2DMode":false,"pivot":{"x":1.2535929679870606,"y":0.34067055583000185,"z":6.004787921905518},"rotation":{"x":-0.22264178097248078,"y":-0.08152596652507782,"z":0.01861671358346939,"w":-0.9713594913482666},"size":1.1395872831344605,"orthographic":false}