{"cameraMode":{"drawMode":0,"name":"Shaded","section":"Shading Mode"},"sceneLighting":false,"audioPlay":false,"sceneViewState":{"showFog":true,"showMaterialUpdate":false,"showSkybox":false,"showFlares":true,"showImageEffects":true,"showParticleSystems":true,"showVisualEffectGraphs":true,"m_FxEnabled":true},"in2DMode":false,"pivot":{"x":5.092019557952881,"y":0.9149982929229736,"z":-3.722646713256836},"rotation":{"x":-0.43924933671951296,"y":0.012663330882787705,"z":-0.006193007808178663,"w":-0.8982610702514648},"size":0.7071067690849304,"orthographic":false}