{"cameraMode":{"drawMode":0,"name":"Shaded","section":"Shading Mode"},"sceneLighting":false,"audioPlay":false,"sceneViewState":{"showFog":true,"showMaterialUpdate":false,"showSkybox":false,"showFlares":true,"showImageEffects":true,"showParticleSystems":true,"showVisualEffectGraphs":true,"m_FxEnabled":true},"in2DMode":false,"pivot":{"x":0.38321855664253237,"y":6.490982532501221,"z":-5.743837356567383},"rotation":{"x":-0.39118683338165285,"y":-0.039465684443712237,"z":0.01679181307554245,"w":-0.9193165898323059},"size":0.8660252690315247,"orthographic":false}